--
-- PostgreSQL database dump
--

-- Dumped from database version 16.3
-- Dumped by pg_dump version 16.3

-- Started on 2024-08-15 09:09:05

SET statement_timeout = 0;
SET lock_timeout = 0;
SET idle_in_transaction_session_timeout = 0;
SET client_encoding = 'UTF8';
SET standard_conforming_strings = on;
SELECT pg_catalog.set_config('search_path', '', false);
SET check_function_bodies = false;
SET xmloption = content;
SET client_min_messages = warning;
SET row_security = off;

--
-- TOC entry 4 (class 2615 OID 2200)
-- Name: public; Type: SCHEMA; Schema: -; Owner: pg_database_owner
--

CREATE SCHEMA public;


ALTER SCHEMA public OWNER TO pg_database_owner;

--
-- TOC entry 5001 (class 0 OID 0)
-- Dependencies: 4
-- Name: SCHEMA public; Type: COMMENT; Schema: -; Owner: pg_database_owner
--

COMMENT ON SCHEMA public IS 'standard public schema';


SET default_tablespace = '';

SET default_table_access_method = heap;

--
-- TOC entry 222 (class 1259 OID 19317)
-- Name: auth_group; Type: TABLE; Schema: public; Owner: postgres
--

CREATE TABLE public.auth_group (
    id integer NOT NULL,
    name character varying(150) NOT NULL
);


ALTER TABLE public.auth_group OWNER TO postgres;

--
-- TOC entry 221 (class 1259 OID 19316)
-- Name: auth_group_id_seq; Type: SEQUENCE; Schema: public; Owner: postgres
--

ALTER TABLE public.auth_group ALTER COLUMN id ADD GENERATED BY DEFAULT AS IDENTITY (
    SEQUENCE NAME public.auth_group_id_seq
    START WITH 1
    INCREMENT BY 1
    NO MINVALUE
    NO MAXVALUE
    CACHE 1
);


--
-- TOC entry 224 (class 1259 OID 19325)
-- Name: auth_group_permissions; Type: TABLE; Schema: public; Owner: postgres
--

CREATE TABLE public.auth_group_permissions (
    id bigint NOT NULL,
    group_id integer NOT NULL,
    permission_id integer NOT NULL
);


ALTER TABLE public.auth_group_permissions OWNER TO postgres;

--
-- TOC entry 223 (class 1259 OID 19324)
-- Name: auth_group_permissions_id_seq; Type: SEQUENCE; Schema: public; Owner: postgres
--

ALTER TABLE public.auth_group_permissions ALTER COLUMN id ADD GENERATED BY DEFAULT AS IDENTITY (
    SEQUENCE NAME public.auth_group_permissions_id_seq
    START WITH 1
    INCREMENT BY 1
    NO MINVALUE
    NO MAXVALUE
    CACHE 1
);


--
-- TOC entry 220 (class 1259 OID 19311)
-- Name: auth_permission; Type: TABLE; Schema: public; Owner: postgres
--

CREATE TABLE public.auth_permission (
    id integer NOT NULL,
    name character varying(255) NOT NULL,
    content_type_id integer NOT NULL,
    codename character varying(100) NOT NULL
);


ALTER TABLE public.auth_permission OWNER TO postgres;

--
-- TOC entry 219 (class 1259 OID 19310)
-- Name: auth_permission_id_seq; Type: SEQUENCE; Schema: public; Owner: postgres
--

ALTER TABLE public.auth_permission ALTER COLUMN id ADD GENERATED BY DEFAULT AS IDENTITY (
    SEQUENCE NAME public.auth_permission_id_seq
    START WITH 1
    INCREMENT BY 1
    NO MINVALUE
    NO MAXVALUE
    CACHE 1
);


--
-- TOC entry 226 (class 1259 OID 19331)
-- Name: auth_user; Type: TABLE; Schema: public; Owner: postgres
--

CREATE TABLE public.auth_user (
    id integer NOT NULL,
    password character varying(128) NOT NULL,
    last_login timestamp with time zone,
    is_superuser boolean NOT NULL,
    username character varying(150) NOT NULL,
    first_name character varying(150) NOT NULL,
    last_name character varying(150) NOT NULL,
    email character varying(254) NOT NULL,
    is_staff boolean NOT NULL,
    is_active boolean NOT NULL,
    date_joined timestamp with time zone NOT NULL
);


ALTER TABLE public.auth_user OWNER TO postgres;

--
-- TOC entry 228 (class 1259 OID 19339)
-- Name: auth_user_groups; Type: TABLE; Schema: public; Owner: postgres
--

CREATE TABLE public.auth_user_groups (
    id bigint NOT NULL,
    user_id integer NOT NULL,
    group_id integer NOT NULL
);


ALTER TABLE public.auth_user_groups OWNER TO postgres;

--
-- TOC entry 227 (class 1259 OID 19338)
-- Name: auth_user_groups_id_seq; Type: SEQUENCE; Schema: public; Owner: postgres
--

ALTER TABLE public.auth_user_groups ALTER COLUMN id ADD GENERATED BY DEFAULT AS IDENTITY (
    SEQUENCE NAME public.auth_user_groups_id_seq
    START WITH 1
    INCREMENT BY 1
    NO MINVALUE
    NO MAXVALUE
    CACHE 1
);


--
-- TOC entry 225 (class 1259 OID 19330)
-- Name: auth_user_id_seq; Type: SEQUENCE; Schema: public; Owner: postgres
--

ALTER TABLE public.auth_user ALTER COLUMN id ADD GENERATED BY DEFAULT AS IDENTITY (
    SEQUENCE NAME public.auth_user_id_seq
    START WITH 1
    INCREMENT BY 1
    NO MINVALUE
    NO MAXVALUE
    CACHE 1
);


--
-- TOC entry 230 (class 1259 OID 19345)
-- Name: auth_user_user_permissions; Type: TABLE; Schema: public; Owner: postgres
--

CREATE TABLE public.auth_user_user_permissions (
    id bigint NOT NULL,
    user_id integer NOT NULL,
    permission_id integer NOT NULL
);


ALTER TABLE public.auth_user_user_permissions OWNER TO postgres;

--
-- TOC entry 229 (class 1259 OID 19344)
-- Name: auth_user_user_permissions_id_seq; Type: SEQUENCE; Schema: public; Owner: postgres
--

ALTER TABLE public.auth_user_user_permissions ALTER COLUMN id ADD GENERATED BY DEFAULT AS IDENTITY (
    SEQUENCE NAME public.auth_user_user_permissions_id_seq
    START WITH 1
    INCREMENT BY 1
    NO MINVALUE
    NO MAXVALUE
    CACHE 1
);


--
-- TOC entry 232 (class 1259 OID 19403)
-- Name: django_admin_log; Type: TABLE; Schema: public; Owner: postgres
--

CREATE TABLE public.django_admin_log (
    id integer NOT NULL,
    action_time timestamp with time zone NOT NULL,
    object_id text,
    object_repr character varying(200) NOT NULL,
    action_flag smallint NOT NULL,
    change_message text NOT NULL,
    content_type_id integer,
    user_id integer NOT NULL,
    CONSTRAINT django_admin_log_action_flag_check CHECK ((action_flag >= 0))
);


ALTER TABLE public.django_admin_log OWNER TO postgres;

--
-- TOC entry 231 (class 1259 OID 19402)
-- Name: django_admin_log_id_seq; Type: SEQUENCE; Schema: public; Owner: postgres
--

ALTER TABLE public.django_admin_log ALTER COLUMN id ADD GENERATED BY DEFAULT AS IDENTITY (
    SEQUENCE NAME public.django_admin_log_id_seq
    START WITH 1
    INCREMENT BY 1
    NO MINVALUE
    NO MAXVALUE
    CACHE 1
);


--
-- TOC entry 218 (class 1259 OID 19303)
-- Name: django_content_type; Type: TABLE; Schema: public; Owner: postgres
--

CREATE TABLE public.django_content_type (
    id integer NOT NULL,
    app_label character varying(100) NOT NULL,
    model character varying(100) NOT NULL
);


ALTER TABLE public.django_content_type OWNER TO postgres;

--
-- TOC entry 217 (class 1259 OID 19302)
-- Name: django_content_type_id_seq; Type: SEQUENCE; Schema: public; Owner: postgres
--

ALTER TABLE public.django_content_type ALTER COLUMN id ADD GENERATED BY DEFAULT AS IDENTITY (
    SEQUENCE NAME public.django_content_type_id_seq
    START WITH 1
    INCREMENT BY 1
    NO MINVALUE
    NO MAXVALUE
    CACHE 1
);


--
-- TOC entry 216 (class 1259 OID 19295)
-- Name: django_migrations; Type: TABLE; Schema: public; Owner: postgres
--

CREATE TABLE public.django_migrations (
    id bigint NOT NULL,
    app character varying(255) NOT NULL,
    name character varying(255) NOT NULL,
    applied timestamp with time zone NOT NULL
);


ALTER TABLE public.django_migrations OWNER TO postgres;

--
-- TOC entry 215 (class 1259 OID 19294)
-- Name: django_migrations_id_seq; Type: SEQUENCE; Schema: public; Owner: postgres
--

ALTER TABLE public.django_migrations ALTER COLUMN id ADD GENERATED BY DEFAULT AS IDENTITY (
    SEQUENCE NAME public.django_migrations_id_seq
    START WITH 1
    INCREMENT BY 1
    NO MINVALUE
    NO MAXVALUE
    CACHE 1
);


--
-- TOC entry 233 (class 1259 OID 19431)
-- Name: django_session; Type: TABLE; Schema: public; Owner: postgres
--

CREATE TABLE public.django_session (
    session_key character varying(40) NOT NULL,
    session_data text NOT NULL,
    expire_date timestamp with time zone NOT NULL
);


ALTER TABLE public.django_session OWNER TO postgres;

--
-- TOC entry 241 (class 1259 OID 19465)
-- Name: rental_app_arriendo; Type: TABLE; Schema: public; Owner: postgres
--

CREATE TABLE public.rental_app_arriendo (
    id bigint NOT NULL,
    fecha timestamp with time zone NOT NULL,
    observacion text,
    danado boolean NOT NULL,
    equipo_id bigint NOT NULL,
    user_id bigint NOT NULL
);


ALTER TABLE public.rental_app_arriendo OWNER TO postgres;

--
-- TOC entry 240 (class 1259 OID 19464)
-- Name: rental_app_arriendo_id_seq; Type: SEQUENCE; Schema: public; Owner: postgres
--

ALTER TABLE public.rental_app_arriendo ALTER COLUMN id ADD GENERATED BY DEFAULT AS IDENTITY (
    SEQUENCE NAME public.rental_app_arriendo_id_seq
    START WITH 1
    INCREMENT BY 1
    NO MINVALUE
    NO MAXVALUE
    CACHE 1
);


--
-- TOC entry 235 (class 1259 OID 19441)
-- Name: rental_app_categoria; Type: TABLE; Schema: public; Owner: postgres
--

CREATE TABLE public.rental_app_categoria (
    id bigint NOT NULL,
    nombre character varying(255) NOT NULL
);


ALTER TABLE public.rental_app_categoria OWNER TO postgres;

--
-- TOC entry 234 (class 1259 OID 19440)
-- Name: rental_app_categoria_id_seq; Type: SEQUENCE; Schema: public; Owner: postgres
--

ALTER TABLE public.rental_app_categoria ALTER COLUMN id ADD GENERATED BY DEFAULT AS IDENTITY (
    SEQUENCE NAME public.rental_app_categoria_id_seq
    START WITH 1
    INCREMENT BY 1
    NO MINVALUE
    NO MAXVALUE
    CACHE 1
);


--
-- TOC entry 237 (class 1259 OID 19447)
-- Name: rental_app_equipo; Type: TABLE; Schema: public; Owner: postgres
--

CREATE TABLE public.rental_app_equipo (
    id bigint NOT NULL,
    nombre character varying(255) NOT NULL,
    imagen character varying(200) NOT NULL,
    estado character varying(45) NOT NULL,
    categoria_id bigint NOT NULL,
    precio integer NOT NULL
);


ALTER TABLE public.rental_app_equipo OWNER TO postgres;

--
-- TOC entry 236 (class 1259 OID 19446)
-- Name: rental_app_equipo_id_seq; Type: SEQUENCE; Schema: public; Owner: postgres
--

ALTER TABLE public.rental_app_equipo ALTER COLUMN id ADD GENERATED BY DEFAULT AS IDENTITY (
    SEQUENCE NAME public.rental_app_equipo_id_seq
    START WITH 1
    INCREMENT BY 1
    NO MINVALUE
    NO MAXVALUE
    CACHE 1
);


--
-- TOC entry 239 (class 1259 OID 19455)
-- Name: rental_app_usuario; Type: TABLE; Schema: public; Owner: postgres
--

CREATE TABLE public.rental_app_usuario (
    id bigint NOT NULL,
    nombre character varying(255) NOT NULL,
    email character varying(254) NOT NULL,
    created timestamp with time zone NOT NULL,
    tipo character varying(12) NOT NULL,
    user_id integer NOT NULL
);


ALTER TABLE public.rental_app_usuario OWNER TO postgres;

--
-- TOC entry 238 (class 1259 OID 19454)
-- Name: rental_app_usuario_id_seq; Type: SEQUENCE; Schema: public; Owner: postgres
--

ALTER TABLE public.rental_app_usuario ALTER COLUMN id ADD GENERATED BY DEFAULT AS IDENTITY (
    SEQUENCE NAME public.rental_app_usuario_id_seq
    START WITH 1
    INCREMENT BY 1
    NO MINVALUE
    NO MAXVALUE
    CACHE 1
);


--
-- TOC entry 4976 (class 0 OID 19317)
-- Dependencies: 222
-- Data for Name: auth_group; Type: TABLE DATA; Schema: public; Owner: postgres
--



--
-- TOC entry 4978 (class 0 OID 19325)
-- Dependencies: 224
-- Data for Name: auth_group_permissions; Type: TABLE DATA; Schema: public; Owner: postgres
--



--
-- TOC entry 4974 (class 0 OID 19311)
-- Dependencies: 220
-- Data for Name: auth_permission; Type: TABLE DATA; Schema: public; Owner: postgres
--

INSERT INTO public.auth_permission VALUES (1, 'Can add log entry', 1, 'add_logentry');
INSERT INTO public.auth_permission VALUES (2, 'Can change log entry', 1, 'change_logentry');
INSERT INTO public.auth_permission VALUES (3, 'Can delete log entry', 1, 'delete_logentry');
INSERT INTO public.auth_permission VALUES (4, 'Can view log entry', 1, 'view_logentry');
INSERT INTO public.auth_permission VALUES (5, 'Can add permission', 2, 'add_permission');
INSERT INTO public.auth_permission VALUES (6, 'Can change permission', 2, 'change_permission');
INSERT INTO public.auth_permission VALUES (7, 'Can delete permission', 2, 'delete_permission');
INSERT INTO public.auth_permission VALUES (8, 'Can view permission', 2, 'view_permission');
INSERT INTO public.auth_permission VALUES (9, 'Can add group', 3, 'add_group');
INSERT INTO public.auth_permission VALUES (10, 'Can change group', 3, 'change_group');
INSERT INTO public.auth_permission VALUES (11, 'Can delete group', 3, 'delete_group');
INSERT INTO public.auth_permission VALUES (12, 'Can view group', 3, 'view_group');
INSERT INTO public.auth_permission VALUES (13, 'Can add user', 4, 'add_user');
INSERT INTO public.auth_permission VALUES (14, 'Can change user', 4, 'change_user');
INSERT INTO public.auth_permission VALUES (15, 'Can delete user', 4, 'delete_user');
INSERT INTO public.auth_permission VALUES (16, 'Can view user', 4, 'view_user');
INSERT INTO public.auth_permission VALUES (17, 'Can add content type', 5, 'add_contenttype');
INSERT INTO public.auth_permission VALUES (18, 'Can change content type', 5, 'change_contenttype');
INSERT INTO public.auth_permission VALUES (19, 'Can delete content type', 5, 'delete_contenttype');
INSERT INTO public.auth_permission VALUES (20, 'Can view content type', 5, 'view_contenttype');
INSERT INTO public.auth_permission VALUES (21, 'Can add session', 6, 'add_session');
INSERT INTO public.auth_permission VALUES (22, 'Can change session', 6, 'change_session');
INSERT INTO public.auth_permission VALUES (23, 'Can delete session', 6, 'delete_session');
INSERT INTO public.auth_permission VALUES (24, 'Can view session', 6, 'view_session');
INSERT INTO public.auth_permission VALUES (25, 'Can add equipo', 7, 'add_equipo');
INSERT INTO public.auth_permission VALUES (26, 'Can change equipo', 7, 'change_equipo');
INSERT INTO public.auth_permission VALUES (27, 'Can delete equipo', 7, 'delete_equipo');
INSERT INTO public.auth_permission VALUES (28, 'Can view equipo', 7, 'view_equipo');
INSERT INTO public.auth_permission VALUES (29, 'Can add usuario', 8, 'add_usuario');
INSERT INTO public.auth_permission VALUES (30, 'Can change usuario', 8, 'change_usuario');
INSERT INTO public.auth_permission VALUES (31, 'Can delete usuario', 8, 'delete_usuario');
INSERT INTO public.auth_permission VALUES (32, 'Can view usuario', 8, 'view_usuario');
INSERT INTO public.auth_permission VALUES (33, 'Can add arriendo', 9, 'add_arriendo');
INSERT INTO public.auth_permission VALUES (34, 'Can change arriendo', 9, 'change_arriendo');
INSERT INTO public.auth_permission VALUES (35, 'Can delete arriendo', 9, 'delete_arriendo');
INSERT INTO public.auth_permission VALUES (36, 'Can view arriendo', 9, 'view_arriendo');
INSERT INTO public.auth_permission VALUES (37, 'Can add categoria', 10, 'add_categoria');
INSERT INTO public.auth_permission VALUES (38, 'Can change categoria', 10, 'change_categoria');
INSERT INTO public.auth_permission VALUES (39, 'Can delete categoria', 10, 'delete_categoria');
INSERT INTO public.auth_permission VALUES (40, 'Can view categoria', 10, 'view_categoria');


--
-- TOC entry 4980 (class 0 OID 19331)
-- Dependencies: 226
-- Data for Name: auth_user; Type: TABLE DATA; Schema: public; Owner: postgres
--

INSERT INTO public.auth_user VALUES (2, 'pbkdf2_sha256$870000$K36RqXN5mgGuvJCSx1wkxz$vTPJGUTT7rIcS0X8MXqQOAPeMhALn+LnyPUmBQEekCs=', '2024-08-15 00:31:07.997948-04', false, 'm1', '', '', '', false, true, '2024-08-15 00:25:58.351389-04');
INSERT INTO public.auth_user VALUES (6, 'pbkdf2_sha256$870000$0RXDXD9LAftJB3n9PAtMjE$wV8JutBw5UYbBjT2OXwtdULMlALSmsI746UMiVF1x24=', '2024-08-15 00:51:28.063936-04', false, 'm5', '', '', '', false, true, '2024-08-15 00:49:08.823857-04');
INSERT INTO public.auth_user VALUES (3, 'pbkdf2_sha256$870000$RAmdJsMJZoT3TkZmd0oKkX$9Jc7pIntVVFNBXjfcHhYyJloG+21z792EXkso7kbEuM=', '2024-08-15 08:00:03.10502-04', false, 'm2', '', '', '', false, true, '2024-08-15 00:28:05.495779-04');
INSERT INTO public.auth_user VALUES (4, 'pbkdf2_sha256$870000$VVQeZOSDmubl2fZXsFLwS6$Y3IB8Po4f55FVH620yeRxiI9cCw8LJxszMHkjABXPo4=', '2024-08-15 08:00:30.722269-04', false, 'm3', '', '', '', false, true, '2024-08-15 00:37:12.080251-04');
INSERT INTO public.auth_user VALUES (5, 'pbkdf2_sha256$870000$yGhFfbGkwwtQxHOjuAznBO$OOYbUdLBZhNsJBk7eeohvECffGztixR1YX4Of6UFFwE=', '2024-08-15 08:09:06.659474-04', false, 'm4', '', '', '', false, true, '2024-08-15 00:39:16.80492-04');
INSERT INTO public.auth_user VALUES (1, 'pbkdf2_sha256$870000$MEp1hJMsx2maHsm7hQgJun$An8WTPjWU9TH3hvQgKMdmoZ5PnA+eYwgLFvRCeIn2SU=', '2024-08-15 08:48:29.158804-04', false, 'marely', '', '', '', false, true, '2024-08-14 23:46:32.687813-04');


--
-- TOC entry 4982 (class 0 OID 19339)
-- Dependencies: 228
-- Data for Name: auth_user_groups; Type: TABLE DATA; Schema: public; Owner: postgres
--



--
-- TOC entry 4984 (class 0 OID 19345)
-- Dependencies: 230
-- Data for Name: auth_user_user_permissions; Type: TABLE DATA; Schema: public; Owner: postgres
--



--
-- TOC entry 4986 (class 0 OID 19403)
-- Dependencies: 232
-- Data for Name: django_admin_log; Type: TABLE DATA; Schema: public; Owner: postgres
--



--
-- TOC entry 4972 (class 0 OID 19303)
-- Dependencies: 218
-- Data for Name: django_content_type; Type: TABLE DATA; Schema: public; Owner: postgres
--

INSERT INTO public.django_content_type VALUES (1, 'admin', 'logentry');
INSERT INTO public.django_content_type VALUES (2, 'auth', 'permission');
INSERT INTO public.django_content_type VALUES (3, 'auth', 'group');
INSERT INTO public.django_content_type VALUES (4, 'auth', 'user');
INSERT INTO public.django_content_type VALUES (5, 'contenttypes', 'contenttype');
INSERT INTO public.django_content_type VALUES (6, 'sessions', 'session');
INSERT INTO public.django_content_type VALUES (7, 'rental_app', 'equipo');
INSERT INTO public.django_content_type VALUES (8, 'rental_app', 'usuario');
INSERT INTO public.django_content_type VALUES (9, 'rental_app', 'arriendo');
INSERT INTO public.django_content_type VALUES (10, 'rental_app', 'categoria');


--
-- TOC entry 4970 (class 0 OID 19295)
-- Dependencies: 216
-- Data for Name: django_migrations; Type: TABLE DATA; Schema: public; Owner: postgres
--

INSERT INTO public.django_migrations VALUES (1, 'contenttypes', '0001_initial', '2024-08-14 20:39:49.47501-04');
INSERT INTO public.django_migrations VALUES (2, 'auth', '0001_initial', '2024-08-14 20:39:49.574506-04');
INSERT INTO public.django_migrations VALUES (3, 'admin', '0001_initial', '2024-08-14 20:39:49.599518-04');
INSERT INTO public.django_migrations VALUES (4, 'admin', '0002_logentry_remove_auto_add', '2024-08-14 20:39:49.628292-04');
INSERT INTO public.django_migrations VALUES (5, 'admin', '0003_logentry_add_action_flag_choices', '2024-08-14 20:39:49.63605-04');
INSERT INTO public.django_migrations VALUES (6, 'contenttypes', '0002_remove_content_type_name', '2024-08-14 20:39:49.653635-04');
INSERT INTO public.django_migrations VALUES (7, 'auth', '0002_alter_permission_name_max_length', '2024-08-14 20:39:49.66271-04');
INSERT INTO public.django_migrations VALUES (8, 'auth', '0003_alter_user_email_max_length', '2024-08-14 20:39:49.671334-04');
INSERT INTO public.django_migrations VALUES (9, 'auth', '0004_alter_user_username_opts', '2024-08-14 20:39:49.677156-04');
INSERT INTO public.django_migrations VALUES (10, 'auth', '0005_alter_user_last_login_null', '2024-08-14 20:39:49.685884-04');
INSERT INTO public.django_migrations VALUES (11, 'auth', '0006_require_contenttypes_0002', '2024-08-14 20:39:49.687925-04');
INSERT INTO public.django_migrations VALUES (12, 'auth', '0007_alter_validators_add_error_messages', '2024-08-14 20:39:49.696915-04');
INSERT INTO public.django_migrations VALUES (13, 'auth', '0008_alter_user_username_max_length', '2024-08-14 20:39:49.725823-04');
INSERT INTO public.django_migrations VALUES (14, 'auth', '0009_alter_user_last_name_max_length', '2024-08-14 20:39:49.733936-04');
INSERT INTO public.django_migrations VALUES (15, 'auth', '0010_alter_group_name_max_length', '2024-08-14 20:39:49.744101-04');
INSERT INTO public.django_migrations VALUES (16, 'auth', '0011_update_proxy_permissions', '2024-08-14 20:39:49.749865-04');
INSERT INTO public.django_migrations VALUES (17, 'auth', '0012_alter_user_first_name_max_length', '2024-08-14 20:39:49.759175-04');
INSERT INTO public.django_migrations VALUES (18, 'sessions', '0001_initial', '2024-08-14 20:39:49.775674-04');
INSERT INTO public.django_migrations VALUES (19, 'rental_app', '0001_initial', '2024-08-14 21:59:56.734976-04');
INSERT INTO public.django_migrations VALUES (20, 'rental_app', '0002_alter_categoria_nombre_alter_equipo_estado', '2024-08-14 22:27:38.194919-04');
INSERT INTO public.django_migrations VALUES (21, 'rental_app', '0003_equipo_precio', '2024-08-14 23:19:43.278464-04');


--
-- TOC entry 4987 (class 0 OID 19431)
-- Dependencies: 233
-- Data for Name: django_session; Type: TABLE DATA; Schema: public; Owner: postgres
--

INSERT INTO public.django_session VALUES ('m6lupizefws8euwpj0b6kyv4v78ul5o8', '.eJxVjEEOwiAQRe_C2pCBUGZw6d4zEBhAqoYmpV013t026UK3_733N-HDulS_9jz7MYmrUOLyu8XAr9wOkJ6hPSbJU1vmMcpDkSft8j6l_L6d7t9BDb3uNVuEAgCoiitkdAINCiGboWQXMw_WOTZOIUciILYhqRSQcDej0SQ-X8fGN0o:1seZu1:Y3z7WOnVTfZBmUehT1hEElPorWyNUqsWm4YqW_V47yU', '2024-08-29 08:48:29.159809-04');
INSERT INTO public.django_session VALUES ('o548pyq47ck7sgscq89ky5i9q8sczpyh', '.eJxVjEEOwiAQRe_C2pCBUGZw6d4zEBhAqoYmpV013t026UK3_733N-HDulS_9jz7MYmrUOLyu8XAr9wOkJ6hPSbJU1vmMcpDkSft8j6l_L6d7t9BDb3uNVuEAgCoiitkdAINCiGboWQXMw_WOTZOIUciILYhqRSQcDej0SQ-X8fGN0o:1seSjl:mhe9I04w1Ii91WWQDum6bbs3hHktWx3_STUTcGYVC18', '2024-08-29 01:09:25.7549-04');


--
-- TOC entry 4995 (class 0 OID 19465)
-- Dependencies: 241
-- Data for Name: rental_app_arriendo; Type: TABLE DATA; Schema: public; Owner: postgres
--

INSERT INTO public.rental_app_arriendo VALUES (1, '2024-08-29 20:00:00-04', NULL, false, 1, 1);
INSERT INTO public.rental_app_arriendo VALUES (2, '2024-12-03 21:00:00-03', NULL, false, 13, 1);
INSERT INTO public.rental_app_arriendo VALUES (3, '2024-10-19 21:00:00-03', NULL, false, 1, 1);


--
-- TOC entry 4989 (class 0 OID 19441)
-- Dependencies: 235
-- Data for Name: rental_app_categoria; Type: TABLE DATA; Schema: public; Owner: postgres
--

INSERT INTO public.rental_app_categoria VALUES (1, 'ski');
INSERT INTO public.rental_app_categoria VALUES (2, 'botas');
INSERT INTO public.rental_app_categoria VALUES (3, 'trineo');
INSERT INTO public.rental_app_categoria VALUES (4, 'snowboard');
INSERT INTO public.rental_app_categoria VALUES (5, 'otros');


--
-- TOC entry 4991 (class 0 OID 19447)
-- Dependencies: 237
-- Data for Name: rental_app_equipo; Type: TABLE DATA; Schema: public; Owner: postgres
--

INSERT INTO public.rental_app_equipo VALUES (2, 'Botas Storm 3000', 'https://example.com/images/botas1.jpg', 'arrendado', 2, 1200);
INSERT INTO public.rental_app_equipo VALUES (3, 'Trineo Arctic Blast', 'https://example.com/images/trineo1.jpg', 'disponible', 3, 3000);
INSERT INTO public.rental_app_equipo VALUES (4, 'Snowboard Black Ice', 'https://example.com/images/snowboard1.jpg', 'mantencion', 4, 4500);
INSERT INTO public.rental_app_equipo VALUES (5, 'Ski Thunderbolt', 'https://example.com/images/ski2.jpg', 'disponible', 1, 5200);
INSERT INTO public.rental_app_equipo VALUES (6, 'Botas Firestrike', 'https://example.com/images/botas2.jpg', 'arrendado', 2, 1300);
INSERT INTO public.rental_app_equipo VALUES (7, 'Trineo Frost Rush', 'https://example.com/images/trineo2.jpg', 'mantencion', 3, 3100);
INSERT INTO public.rental_app_equipo VALUES (8, 'Snowboard Avalanche', 'https://example.com/images/snowboard2.jpg', 'disponible', 4, 4600);
INSERT INTO public.rental_app_equipo VALUES (9, 'Ski Glacier Peak', 'https://example.com/images/ski3.jpg', 'arrendado', 1, 4800);
INSERT INTO public.rental_app_equipo VALUES (10, 'Botas Winter Storm', 'https://example.com/images/botas3.jpg', 'disponible', 2, 1400);
INSERT INTO public.rental_app_equipo VALUES (11, 'Trineo Icebreaker', 'https://example.com/images/trineo3.jpg', 'arrendado', 3, 3200);
INSERT INTO public.rental_app_equipo VALUES (12, 'Snowboard Frostbite', 'https://example.com/images/snowboard3.jpg', 'mantencion', 4, 4700);
INSERT INTO public.rental_app_equipo VALUES (13, 'Ski Alpine Racer', 'https://example.com/images/ski4.jpg', 'disponible', 1, 5100);
INSERT INTO public.rental_app_equipo VALUES (14, 'Botas Icewind', 'https://example.com/images/botas4.jpg', 'mantencion', 2, 1500);
INSERT INTO public.rental_app_equipo VALUES (15, 'Trineo Snowstorm', 'https://example.com/images/trineo4.jpg', 'disponible', 3, 3300);
INSERT INTO public.rental_app_equipo VALUES (16, 'Snowboard Blizzard', 'https://example.com/images/snowboard4.jpg', 'arrendado', 4, 4900);
INSERT INTO public.rental_app_equipo VALUES (17, 'Ski Polar Rush', 'https://example.com/images/ski5.jpg', 'mantencion', 1, 5400);
INSERT INTO public.rental_app_equipo VALUES (18, 'Botas Thunderstrike', 'https://example.com/images/botas5.jpg', 'disponible', 2, 1600);
INSERT INTO public.rental_app_equipo VALUES (19, 'Trineo Frostwave', 'https://example.com/images/trineo5.jpg', 'arrendado', 3, 3400);
INSERT INTO public.rental_app_equipo VALUES (20, 'Snowboard Ice Dragon', 'https://example.com/images/snowboard5.jpg', 'disponible', 4, 5000);
INSERT INTO public.rental_app_equipo VALUES (1, 'Ski Speedster', 'https://example.com/images/ski1.jpg', 'arrendado', 1, 5000);


--
-- TOC entry 4993 (class 0 OID 19455)
-- Dependencies: 239
-- Data for Name: rental_app_usuario; Type: TABLE DATA; Schema: public; Owner: postgres
--

INSERT INTO public.rental_app_usuario VALUES (1, '', '', '2024-08-14 23:46:33.273831-04', '', 1);
INSERT INTO public.rental_app_usuario VALUES (2, 'm1', 'm1@correo.com', '2024-08-15 00:25:58.937448-04', 'cliente', 2);
INSERT INTO public.rental_app_usuario VALUES (3, 'm2', 'm2@correo.com', '2024-08-15 00:28:06.079796-04', 'cliente', 3);
INSERT INTO public.rental_app_usuario VALUES (4, 'm3', 'm3@correo.com', '2024-08-15 00:37:12.663967-04', 'operario', 4);
INSERT INTO public.rental_app_usuario VALUES (5, 'm4', 'm4@correo.com', '2024-08-15 00:39:17.399672-04', 'operario', 5);
INSERT INTO public.rental_app_usuario VALUES (6, 'm5', 'm5@correo.com', '2024-08-15 00:49:09.418797-04', 'operario', 6);


--
-- TOC entry 5002 (class 0 OID 0)
-- Dependencies: 221
-- Name: auth_group_id_seq; Type: SEQUENCE SET; Schema: public; Owner: postgres
--

SELECT pg_catalog.setval('public.auth_group_id_seq', 1, false);


--
-- TOC entry 5003 (class 0 OID 0)
-- Dependencies: 223
-- Name: auth_group_permissions_id_seq; Type: SEQUENCE SET; Schema: public; Owner: postgres
--

SELECT pg_catalog.setval('public.auth_group_permissions_id_seq', 1, false);


--
-- TOC entry 5004 (class 0 OID 0)
-- Dependencies: 219
-- Name: auth_permission_id_seq; Type: SEQUENCE SET; Schema: public; Owner: postgres
--

SELECT pg_catalog.setval('public.auth_permission_id_seq', 40, true);


--
-- TOC entry 5005 (class 0 OID 0)
-- Dependencies: 227
-- Name: auth_user_groups_id_seq; Type: SEQUENCE SET; Schema: public; Owner: postgres
--

SELECT pg_catalog.setval('public.auth_user_groups_id_seq', 1, false);


--
-- TOC entry 5006 (class 0 OID 0)
-- Dependencies: 225
-- Name: auth_user_id_seq; Type: SEQUENCE SET; Schema: public; Owner: postgres
--

SELECT pg_catalog.setval('public.auth_user_id_seq', 6, true);


--
-- TOC entry 5007 (class 0 OID 0)
-- Dependencies: 229
-- Name: auth_user_user_permissions_id_seq; Type: SEQUENCE SET; Schema: public; Owner: postgres
--

SELECT pg_catalog.setval('public.auth_user_user_permissions_id_seq', 1, false);


--
-- TOC entry 5008 (class 0 OID 0)
-- Dependencies: 231
-- Name: django_admin_log_id_seq; Type: SEQUENCE SET; Schema: public; Owner: postgres
--

SELECT pg_catalog.setval('public.django_admin_log_id_seq', 1, false);


--
-- TOC entry 5009 (class 0 OID 0)
-- Dependencies: 217
-- Name: django_content_type_id_seq; Type: SEQUENCE SET; Schema: public; Owner: postgres
--

SELECT pg_catalog.setval('public.django_content_type_id_seq', 10, true);


--
-- TOC entry 5010 (class 0 OID 0)
-- Dependencies: 215
-- Name: django_migrations_id_seq; Type: SEQUENCE SET; Schema: public; Owner: postgres
--

SELECT pg_catalog.setval('public.django_migrations_id_seq', 21, true);


--
-- TOC entry 5011 (class 0 OID 0)
-- Dependencies: 240
-- Name: rental_app_arriendo_id_seq; Type: SEQUENCE SET; Schema: public; Owner: postgres
--

SELECT pg_catalog.setval('public.rental_app_arriendo_id_seq', 3, true);


--
-- TOC entry 5012 (class 0 OID 0)
-- Dependencies: 234
-- Name: rental_app_categoria_id_seq; Type: SEQUENCE SET; Schema: public; Owner: postgres
--

SELECT pg_catalog.setval('public.rental_app_categoria_id_seq', 5, true);


--
-- TOC entry 5013 (class 0 OID 0)
-- Dependencies: 236
-- Name: rental_app_equipo_id_seq; Type: SEQUENCE SET; Schema: public; Owner: postgres
--

SELECT pg_catalog.setval('public.rental_app_equipo_id_seq', 20, true);


--
-- TOC entry 5014 (class 0 OID 0)
-- Dependencies: 238
-- Name: rental_app_usuario_id_seq; Type: SEQUENCE SET; Schema: public; Owner: postgres
--

SELECT pg_catalog.setval('public.rental_app_usuario_id_seq', 6, true);


--
-- TOC entry 4766 (class 2606 OID 19429)
-- Name: auth_group auth_group_name_key; Type: CONSTRAINT; Schema: public; Owner: postgres
--

ALTER TABLE ONLY public.auth_group
    ADD CONSTRAINT auth_group_name_key UNIQUE (name);


--
-- TOC entry 4771 (class 2606 OID 19360)
-- Name: auth_group_permissions auth_group_permissions_group_id_permission_id_0cd325b0_uniq; Type: CONSTRAINT; Schema: public; Owner: postgres
--

ALTER TABLE ONLY public.auth_group_permissions
    ADD CONSTRAINT auth_group_permissions_group_id_permission_id_0cd325b0_uniq UNIQUE (group_id, permission_id);


--
-- TOC entry 4774 (class 2606 OID 19329)
-- Name: auth_group_permissions auth_group_permissions_pkey; Type: CONSTRAINT; Schema: public; Owner: postgres
--

ALTER TABLE ONLY public.auth_group_permissions
    ADD CONSTRAINT auth_group_permissions_pkey PRIMARY KEY (id);


--
-- TOC entry 4768 (class 2606 OID 19321)
-- Name: auth_group auth_group_pkey; Type: CONSTRAINT; Schema: public; Owner: postgres
--

ALTER TABLE ONLY public.auth_group
    ADD CONSTRAINT auth_group_pkey PRIMARY KEY (id);


--
-- TOC entry 4761 (class 2606 OID 19351)
-- Name: auth_permission auth_permission_content_type_id_codename_01ab375a_uniq; Type: CONSTRAINT; Schema: public; Owner: postgres
--

ALTER TABLE ONLY public.auth_permission
    ADD CONSTRAINT auth_permission_content_type_id_codename_01ab375a_uniq UNIQUE (content_type_id, codename);


--
-- TOC entry 4763 (class 2606 OID 19315)
-- Name: auth_permission auth_permission_pkey; Type: CONSTRAINT; Schema: public; Owner: postgres
--

ALTER TABLE ONLY public.auth_permission
    ADD CONSTRAINT auth_permission_pkey PRIMARY KEY (id);


--
-- TOC entry 4782 (class 2606 OID 19343)
-- Name: auth_user_groups auth_user_groups_pkey; Type: CONSTRAINT; Schema: public; Owner: postgres
--

ALTER TABLE ONLY public.auth_user_groups
    ADD CONSTRAINT auth_user_groups_pkey PRIMARY KEY (id);


--
-- TOC entry 4785 (class 2606 OID 19375)
-- Name: auth_user_groups auth_user_groups_user_id_group_id_94350c0c_uniq; Type: CONSTRAINT; Schema: public; Owner: postgres
--

ALTER TABLE ONLY public.auth_user_groups
    ADD CONSTRAINT auth_user_groups_user_id_group_id_94350c0c_uniq UNIQUE (user_id, group_id);


--
-- TOC entry 4776 (class 2606 OID 19335)
-- Name: auth_user auth_user_pkey; Type: CONSTRAINT; Schema: public; Owner: postgres
--

ALTER TABLE ONLY public.auth_user
    ADD CONSTRAINT auth_user_pkey PRIMARY KEY (id);


--
-- TOC entry 4788 (class 2606 OID 19349)
-- Name: auth_user_user_permissions auth_user_user_permissions_pkey; Type: CONSTRAINT; Schema: public; Owner: postgres
--

ALTER TABLE ONLY public.auth_user_user_permissions
    ADD CONSTRAINT auth_user_user_permissions_pkey PRIMARY KEY (id);


--
-- TOC entry 4791 (class 2606 OID 19389)
-- Name: auth_user_user_permissions auth_user_user_permissions_user_id_permission_id_14a6b632_uniq; Type: CONSTRAINT; Schema: public; Owner: postgres
--

ALTER TABLE ONLY public.auth_user_user_permissions
    ADD CONSTRAINT auth_user_user_permissions_user_id_permission_id_14a6b632_uniq UNIQUE (user_id, permission_id);


--
-- TOC entry 4779 (class 2606 OID 19424)
-- Name: auth_user auth_user_username_key; Type: CONSTRAINT; Schema: public; Owner: postgres
--

ALTER TABLE ONLY public.auth_user
    ADD CONSTRAINT auth_user_username_key UNIQUE (username);


--
-- TOC entry 4794 (class 2606 OID 19410)
-- Name: django_admin_log django_admin_log_pkey; Type: CONSTRAINT; Schema: public; Owner: postgres
--

ALTER TABLE ONLY public.django_admin_log
    ADD CONSTRAINT django_admin_log_pkey PRIMARY KEY (id);


--
-- TOC entry 4756 (class 2606 OID 19309)
-- Name: django_content_type django_content_type_app_label_model_76bd3d3b_uniq; Type: CONSTRAINT; Schema: public; Owner: postgres
--

ALTER TABLE ONLY public.django_content_type
    ADD CONSTRAINT django_content_type_app_label_model_76bd3d3b_uniq UNIQUE (app_label, model);


--
-- TOC entry 4758 (class 2606 OID 19307)
-- Name: django_content_type django_content_type_pkey; Type: CONSTRAINT; Schema: public; Owner: postgres
--

ALTER TABLE ONLY public.django_content_type
    ADD CONSTRAINT django_content_type_pkey PRIMARY KEY (id);


--
-- TOC entry 4754 (class 2606 OID 19301)
-- Name: django_migrations django_migrations_pkey; Type: CONSTRAINT; Schema: public; Owner: postgres
--

ALTER TABLE ONLY public.django_migrations
    ADD CONSTRAINT django_migrations_pkey PRIMARY KEY (id);


--
-- TOC entry 4798 (class 2606 OID 19437)
-- Name: django_session django_session_pkey; Type: CONSTRAINT; Schema: public; Owner: postgres
--

ALTER TABLE ONLY public.django_session
    ADD CONSTRAINT django_session_pkey PRIMARY KEY (session_key);


--
-- TOC entry 4811 (class 2606 OID 19471)
-- Name: rental_app_arriendo rental_app_arriendo_pkey; Type: CONSTRAINT; Schema: public; Owner: postgres
--

ALTER TABLE ONLY public.rental_app_arriendo
    ADD CONSTRAINT rental_app_arriendo_pkey PRIMARY KEY (id);


--
-- TOC entry 4801 (class 2606 OID 19445)
-- Name: rental_app_categoria rental_app_categoria_pkey; Type: CONSTRAINT; Schema: public; Owner: postgres
--

ALTER TABLE ONLY public.rental_app_categoria
    ADD CONSTRAINT rental_app_categoria_pkey PRIMARY KEY (id);


--
-- TOC entry 4804 (class 2606 OID 19453)
-- Name: rental_app_equipo rental_app_equipo_pkey; Type: CONSTRAINT; Schema: public; Owner: postgres
--

ALTER TABLE ONLY public.rental_app_equipo
    ADD CONSTRAINT rental_app_equipo_pkey PRIMARY KEY (id);


--
-- TOC entry 4806 (class 2606 OID 19461)
-- Name: rental_app_usuario rental_app_usuario_pkey; Type: CONSTRAINT; Schema: public; Owner: postgres
--

ALTER TABLE ONLY public.rental_app_usuario
    ADD CONSTRAINT rental_app_usuario_pkey PRIMARY KEY (id);


--
-- TOC entry 4808 (class 2606 OID 19463)
-- Name: rental_app_usuario rental_app_usuario_user_id_key; Type: CONSTRAINT; Schema: public; Owner: postgres
--

ALTER TABLE ONLY public.rental_app_usuario
    ADD CONSTRAINT rental_app_usuario_user_id_key UNIQUE (user_id);


--
-- TOC entry 4764 (class 1259 OID 19430)
-- Name: auth_group_name_a6ea08ec_like; Type: INDEX; Schema: public; Owner: postgres
--

CREATE INDEX auth_group_name_a6ea08ec_like ON public.auth_group USING btree (name varchar_pattern_ops);


--
-- TOC entry 4769 (class 1259 OID 19371)
-- Name: auth_group_permissions_group_id_b120cbf9; Type: INDEX; Schema: public; Owner: postgres
--

CREATE INDEX auth_group_permissions_group_id_b120cbf9 ON public.auth_group_permissions USING btree (group_id);


--
-- TOC entry 4772 (class 1259 OID 19372)
-- Name: auth_group_permissions_permission_id_84c5c92e; Type: INDEX; Schema: public; Owner: postgres
--

CREATE INDEX auth_group_permissions_permission_id_84c5c92e ON public.auth_group_permissions USING btree (permission_id);


--
-- TOC entry 4759 (class 1259 OID 19357)
-- Name: auth_permission_content_type_id_2f476e4b; Type: INDEX; Schema: public; Owner: postgres
--

CREATE INDEX auth_permission_content_type_id_2f476e4b ON public.auth_permission USING btree (content_type_id);


--
-- TOC entry 4780 (class 1259 OID 19387)
-- Name: auth_user_groups_group_id_97559544; Type: INDEX; Schema: public; Owner: postgres
--

CREATE INDEX auth_user_groups_group_id_97559544 ON public.auth_user_groups USING btree (group_id);


--
-- TOC entry 4783 (class 1259 OID 19386)
-- Name: auth_user_groups_user_id_6a12ed8b; Type: INDEX; Schema: public; Owner: postgres
--

CREATE INDEX auth_user_groups_user_id_6a12ed8b ON public.auth_user_groups USING btree (user_id);


--
-- TOC entry 4786 (class 1259 OID 19401)
-- Name: auth_user_user_permissions_permission_id_1fbb5f2c; Type: INDEX; Schema: public; Owner: postgres
--

CREATE INDEX auth_user_user_permissions_permission_id_1fbb5f2c ON public.auth_user_user_permissions USING btree (permission_id);


--
-- TOC entry 4789 (class 1259 OID 19400)
-- Name: auth_user_user_permissions_user_id_a95ead1b; Type: INDEX; Schema: public; Owner: postgres
--

CREATE INDEX auth_user_user_permissions_user_id_a95ead1b ON public.auth_user_user_permissions USING btree (user_id);


--
-- TOC entry 4777 (class 1259 OID 19425)
-- Name: auth_user_username_6821ab7c_like; Type: INDEX; Schema: public; Owner: postgres
--

CREATE INDEX auth_user_username_6821ab7c_like ON public.auth_user USING btree (username varchar_pattern_ops);


--
-- TOC entry 4792 (class 1259 OID 19421)
-- Name: django_admin_log_content_type_id_c4bce8eb; Type: INDEX; Schema: public; Owner: postgres
--

CREATE INDEX django_admin_log_content_type_id_c4bce8eb ON public.django_admin_log USING btree (content_type_id);


--
-- TOC entry 4795 (class 1259 OID 19422)
-- Name: django_admin_log_user_id_c564eba6; Type: INDEX; Schema: public; Owner: postgres
--

CREATE INDEX django_admin_log_user_id_c564eba6 ON public.django_admin_log USING btree (user_id);


--
-- TOC entry 4796 (class 1259 OID 19439)
-- Name: django_session_expire_date_a5c62663; Type: INDEX; Schema: public; Owner: postgres
--

CREATE INDEX django_session_expire_date_a5c62663 ON public.django_session USING btree (expire_date);


--
-- TOC entry 4799 (class 1259 OID 19438)
-- Name: django_session_session_key_c0390e0f_like; Type: INDEX; Schema: public; Owner: postgres
--

CREATE INDEX django_session_session_key_c0390e0f_like ON public.django_session USING btree (session_key varchar_pattern_ops);


--
-- TOC entry 4809 (class 1259 OID 19493)
-- Name: rental_app_arriendo_equipo_id_5dadb674; Type: INDEX; Schema: public; Owner: postgres
--

CREATE INDEX rental_app_arriendo_equipo_id_5dadb674 ON public.rental_app_arriendo USING btree (equipo_id);


--
-- TOC entry 4812 (class 1259 OID 19494)
-- Name: rental_app_arriendo_user_id_b71c6b7a; Type: INDEX; Schema: public; Owner: postgres
--

CREATE INDEX rental_app_arriendo_user_id_b71c6b7a ON public.rental_app_arriendo USING btree (user_id);


--
-- TOC entry 4802 (class 1259 OID 19477)
-- Name: rental_app_equipo_categoria_id_ad09eb35; Type: INDEX; Schema: public; Owner: postgres
--

CREATE INDEX rental_app_equipo_categoria_id_ad09eb35 ON public.rental_app_equipo USING btree (categoria_id);


--
-- TOC entry 4814 (class 2606 OID 19366)
-- Name: auth_group_permissions auth_group_permissio_permission_id_84c5c92e_fk_auth_perm; Type: FK CONSTRAINT; Schema: public; Owner: postgres
--

ALTER TABLE ONLY public.auth_group_permissions
    ADD CONSTRAINT auth_group_permissio_permission_id_84c5c92e_fk_auth_perm FOREIGN KEY (permission_id) REFERENCES public.auth_permission(id) DEFERRABLE INITIALLY DEFERRED;


--
-- TOC entry 4815 (class 2606 OID 19361)
-- Name: auth_group_permissions auth_group_permissions_group_id_b120cbf9_fk_auth_group_id; Type: FK CONSTRAINT; Schema: public; Owner: postgres
--

ALTER TABLE ONLY public.auth_group_permissions
    ADD CONSTRAINT auth_group_permissions_group_id_b120cbf9_fk_auth_group_id FOREIGN KEY (group_id) REFERENCES public.auth_group(id) DEFERRABLE INITIALLY DEFERRED;


--
-- TOC entry 4813 (class 2606 OID 19352)
-- Name: auth_permission auth_permission_content_type_id_2f476e4b_fk_django_co; Type: FK CONSTRAINT; Schema: public; Owner: postgres
--

ALTER TABLE ONLY public.auth_permission
    ADD CONSTRAINT auth_permission_content_type_id_2f476e4b_fk_django_co FOREIGN KEY (content_type_id) REFERENCES public.django_content_type(id) DEFERRABLE INITIALLY DEFERRED;


--
-- TOC entry 4816 (class 2606 OID 19381)
-- Name: auth_user_groups auth_user_groups_group_id_97559544_fk_auth_group_id; Type: FK CONSTRAINT; Schema: public; Owner: postgres
--

ALTER TABLE ONLY public.auth_user_groups
    ADD CONSTRAINT auth_user_groups_group_id_97559544_fk_auth_group_id FOREIGN KEY (group_id) REFERENCES public.auth_group(id) DEFERRABLE INITIALLY DEFERRED;


--
-- TOC entry 4817 (class 2606 OID 19376)
-- Name: auth_user_groups auth_user_groups_user_id_6a12ed8b_fk_auth_user_id; Type: FK CONSTRAINT; Schema: public; Owner: postgres
--

ALTER TABLE ONLY public.auth_user_groups
    ADD CONSTRAINT auth_user_groups_user_id_6a12ed8b_fk_auth_user_id FOREIGN KEY (user_id) REFERENCES public.auth_user(id) DEFERRABLE INITIALLY DEFERRED;


--
-- TOC entry 4818 (class 2606 OID 19395)
-- Name: auth_user_user_permissions auth_user_user_permi_permission_id_1fbb5f2c_fk_auth_perm; Type: FK CONSTRAINT; Schema: public; Owner: postgres
--

ALTER TABLE ONLY public.auth_user_user_permissions
    ADD CONSTRAINT auth_user_user_permi_permission_id_1fbb5f2c_fk_auth_perm FOREIGN KEY (permission_id) REFERENCES public.auth_permission(id) DEFERRABLE INITIALLY DEFERRED;


--
-- TOC entry 4819 (class 2606 OID 19390)
-- Name: auth_user_user_permissions auth_user_user_permissions_user_id_a95ead1b_fk_auth_user_id; Type: FK CONSTRAINT; Schema: public; Owner: postgres
--

ALTER TABLE ONLY public.auth_user_user_permissions
    ADD CONSTRAINT auth_user_user_permissions_user_id_a95ead1b_fk_auth_user_id FOREIGN KEY (user_id) REFERENCES public.auth_user(id) DEFERRABLE INITIALLY DEFERRED;


--
-- TOC entry 4820 (class 2606 OID 19411)
-- Name: django_admin_log django_admin_log_content_type_id_c4bce8eb_fk_django_co; Type: FK CONSTRAINT; Schema: public; Owner: postgres
--

ALTER TABLE ONLY public.django_admin_log
    ADD CONSTRAINT django_admin_log_content_type_id_c4bce8eb_fk_django_co FOREIGN KEY (content_type_id) REFERENCES public.django_content_type(id) DEFERRABLE INITIALLY DEFERRED;


--
-- TOC entry 4821 (class 2606 OID 19416)
-- Name: django_admin_log django_admin_log_user_id_c564eba6_fk_auth_user_id; Type: FK CONSTRAINT; Schema: public; Owner: postgres
--

ALTER TABLE ONLY public.django_admin_log
    ADD CONSTRAINT django_admin_log_user_id_c564eba6_fk_auth_user_id FOREIGN KEY (user_id) REFERENCES public.auth_user(id) DEFERRABLE INITIALLY DEFERRED;


--
-- TOC entry 4824 (class 2606 OID 19483)
-- Name: rental_app_arriendo rental_app_arriendo_equipo_id_5dadb674_fk_rental_app_equipo_id; Type: FK CONSTRAINT; Schema: public; Owner: postgres
--

ALTER TABLE ONLY public.rental_app_arriendo
    ADD CONSTRAINT rental_app_arriendo_equipo_id_5dadb674_fk_rental_app_equipo_id FOREIGN KEY (equipo_id) REFERENCES public.rental_app_equipo(id) DEFERRABLE INITIALLY DEFERRED;


--
-- TOC entry 4825 (class 2606 OID 19488)
-- Name: rental_app_arriendo rental_app_arriendo_user_id_b71c6b7a_fk_rental_app_usuario_id; Type: FK CONSTRAINT; Schema: public; Owner: postgres
--

ALTER TABLE ONLY public.rental_app_arriendo
    ADD CONSTRAINT rental_app_arriendo_user_id_b71c6b7a_fk_rental_app_usuario_id FOREIGN KEY (user_id) REFERENCES public.rental_app_usuario(id) DEFERRABLE INITIALLY DEFERRED;


--
-- TOC entry 4822 (class 2606 OID 19472)
-- Name: rental_app_equipo rental_app_equipo_categoria_id_ad09eb35_fk_rental_ap; Type: FK CONSTRAINT; Schema: public; Owner: postgres
--

ALTER TABLE ONLY public.rental_app_equipo
    ADD CONSTRAINT rental_app_equipo_categoria_id_ad09eb35_fk_rental_ap FOREIGN KEY (categoria_id) REFERENCES public.rental_app_categoria(id) DEFERRABLE INITIALLY DEFERRED;


--
-- TOC entry 4823 (class 2606 OID 19478)
-- Name: rental_app_usuario rental_app_usuario_user_id_eb1e0efa_fk_auth_user_id; Type: FK CONSTRAINT; Schema: public; Owner: postgres
--

ALTER TABLE ONLY public.rental_app_usuario
    ADD CONSTRAINT rental_app_usuario_user_id_eb1e0efa_fk_auth_user_id FOREIGN KEY (user_id) REFERENCES public.auth_user(id) DEFERRABLE INITIALLY DEFERRED;


-- Completed on 2024-08-15 09:09:05

--
-- PostgreSQL database dump complete
--

